Date,Expiry Date,Option Type,Strike Price,Open Price,High Price,Low Price,Close Price,Last Price,Settlement Price,Volume,Value (₹ Lakhs),Premium Value (₹ Lakhs),Open Interest,Change in OI
06-Oct-2026,13-Oct-2026,CE,20100.0,0.0,0.0,0.0,3647.1,0.0,2697.29,0.0,0.0,0.0,0.0,0.0
06-Oct-2026,13-Oct-2026,PE,20100.0,2.65,2.7,1.4,1.55,1.5,1.55,3203720.0,6.4400931,0.0006159000000000001,3213080.0,322920.0
06-Oct-2026,13-Oct-2026,CE,20200.0,0.0,0.0,0.0,3547.7,0.0,2597.4,0.0,0.0,0.0,0.0,0.0
06-Oct-2026,13-Oct-2026,PE,20200.0,3.2,3.2,1.4,1.6,1.45,1.6,1788735.0,3.613602,0.00035729999999999996,744315.0,318825.0
06-Oct-2026,13-Oct-2026,CE,20300.0,0.0,0.0,0.0,3448.3,0.0,2497.5,0.0,0.0,0.0,0.0,0.0
06-Oct-2026,13-Oct-2026,PE,20300.0,2.75,2.85,1.45,1.6,1.45,1.6,514020.0,1.0435693,0.00010869999999999999,116805.0,25090.0
06-Oct-2026,13-Oct-2026,CE,20400.0,0.0,0.0,0.0,3348.95,0.0,2397.61,0.0,0.0,0.0,0.0,0.0
06-Oct-2026,13-Oct-2026,PE,20400.0,3.0,3.15,1.5,1.7,1.6,1.7,541905.0,1.1056089999999998,0.0001228,146900.0,-47385.0
06-Oct-2026,13-Oct-2026,CE,20500.0,2230.0,2230.0,2230.0,2230.0,2230.0,2297.71,65.0,0.00014769999999999999,1.45e-05,65.0,65.0
06-Oct-2026,13-Oct-2026,PE,20500.0,3.45,3.45,1.6,1.75,1.7,1.75,7101185.0,14.5590101,0.0015809,4214860.0,85930.0
06-Oct-2026,13-Oct-2026,CE,20600.0,0.0,0.0,0.0,3150.35,0.0,2197.82,0.0,0.0,0.0,0.0,0.0
06-Oct-2026,13-Oct-2026,PE,20600.0,4.35,4.35,1.7,1.8,1.7,1.8,677950.0,1.3967347,0.00015769999999999998,241540.0,7735.0
06-Oct-2026,13-Oct-2026,CE,20700.0,0.0,0.0,0.0,3051.15,0.0,2097.92,0.0,0.0,0.0,0.0,0.0
06-Oct-2026,13-Oct-2026,PE,20700.0,3.1,3.35,1.75,1.9,1.8,1.9,1048905.0,2.1714797,0.00024629999999999997,318890.0,80665.0
06-Oct-2026,13-Oct-2026,CE,20800.0,0.0,0.0,0.0,2952.0,0.0,1998.03,0.0,0.0,0.0,0.0,0.0
06-Oct-2026,13-Oct-2026,PE,20800.0,4.95,4.95,1.8,2.05,2.05,2.05,3002090.0,6.2451083999999994,0.0007612000000000001,814905.0,533325.0
06-Oct-2026,13-Oct-2026,CE,20900.0,0.0,0.0,0.0,2853.0,0.0,1898.13,0.0,0.0,0.0,0.0,0.0
06-Oct-2026,13-Oct-2026,PE,20900.0,4.1,4.25,1.85,2.15,2.15,2.15,1921920.0,4.0173588,0.000546,361400.0,31720.0
06-Oct-2026,13-Oct-2026,CE,21000.0,0.0,0.0,0.0,1562.7,1568.15,1798.24,0.0,0.0,0.0,4550.0,0.0
06-Oct-2026,13-Oct-2026,PE,21000.0,5.25,5.25,2.1,2.4,2.25,2.4,11074505.0,23.2597915,0.003331,4214275.0,1843725.0
06-Oct-2026,13-Oct-2026,CE,21100.0,0.0,0.0,0.0,2655.45,0.0,1698.35,0.0,0.0,0.0,0.0,0.0
06-Oct-2026,13-Oct-2026,PE,21100.0,4.9,5.1,2.2,2.5,2.5,2.5,3255785.0,6.870749200000001,0.0010428,567060.0,165295.0
06-Oct-2026,13-Oct-2026,CE,21200.0,0.0,0.0,0.0,2556.95,0.0,1598.45,0.0,0.0,0.0,0.0,0.0
06-Oct-2026,13-Oct-2026,PE,21200.0,6.3,6.7,2.4,2.75,2.4,2.75,4605315.0,9.7650127,0.0017449000000000002,1025830.0,-117715.0
06-Oct-2026,13-Oct-2026,CE,21300.0,0.0,0.0,0.0,1191.35,1191.35,1498.57,0.0,0.0,0.0,65.0,0.0
06-Oct-2026,13-Oct-2026,PE,21300.0,6.95,7.15,2.65,3.05,2.9,3.05,4179175.0,8.9033748,0.0017319999999999998,1264055.0,283270.0
06-Oct-2026,13-Oct-2026,CE,21400.0,0.0,0.0,0.0,1171.85,1171.85,1398.69,0.0,0.0,0.0,195.0,0.0
06-Oct-2026,13-Oct-2026,PE,21400.0,8.75,8.75,2.85,3.55,3.1,3.55,5875805.0,12.5771403,0.0029176,1566890.0,664560.0
06-Oct-2026,13-Oct-2026,CE,21500.0,1110.0,1276.8,1105.8,1242.65,1247.85,1242.65,13585.0,0.0308386,0.0016309,36335.0,1430.0
06-Oct-2026,13-Oct-2026,PE,21500.0,10.95,10.95,3.65,4.3,3.85,4.3,16684395.0,35.8810159,0.0095667,6908005.0,3579680.0
06-Oct-2026,13-Oct-2026,CE,21600.0,0.0,0.0,0.0,985.7,988.9,1199.06,0.0,0.0,0.0,390.0,0.0
06-Oct-2026,13-Oct-2026,PE,21600.0,13.0,13.55,4.25,4.95,4.6,4.95,7952295.0,17.183029299999998,0.0060721,1158625.0,187785.0
06-Oct-2026,13-Oct-2026,CE,21700.0,1030.0,1030.0,1030.0,1030.0,1030.0,1030.0,65.0,0.00014769999999999999,6.7e-06,780.0,65.0
06-Oct-2026,13-Oct-2026,PE,21700.0,19.0,19.75,5.15,5.8,5.6,5.8,10420475.0,22.6212179,0.0087872,3054870.0,1759290.0
06-Oct-2026,13-Oct-2026,CE,21800.0,819.15,970.0,811.2,954.3,944.6,954.3,28600.0,0.06505319999999999,0.0027051999999999996,22945.0,-6175.0
06-Oct-2026,13-Oct-2026,PE,21800.0,24.7,24.75,6.6,7.4,7.2,7.4,13469235.0,29.3782129,0.0152806,2696590.0,912145.0
06-Oct-2026,13-Oct-2026,CE,21900.0,763.5,871.8,762.9,849.3,849.0,849.3,3770.0,0.0085655,0.00030920000000000003,17225.0,390.0
06-Oct-2026,13-Oct-2026,PE,21900.0,23.3,27.55,8.7,9.45,9.3,9.45,8494460.0,18.6150446,0.012177200000000001,2121340.0,1396005.0
06-Oct-2026,13-Oct-2026,CE,22000.0,644.45,792.0,619.8,761.6,756.35,761.6,263705.0,0.5993199,0.019168900000000003,258375.0,56485.0
06-Oct-2026,13-Oct-2026,PE,22000.0,35.05,39.95,11.75,12.4,12.5,12.4,17266795.0,38.020518100000004,0.0335691,5096585.0,1861340.0
06-Oct-2026,13-Oct-2026,CE,22100.0,529.5,695.0,529.5,656.95,657.0,656.95,59540.0,0.1353373,0.0037538999999999997,78065.0,5005.0
06-Oct-2026,13-Oct-2026,PE,22100.0,49.95,49.95,15.7,17.0,16.7,17.0,10402080.0,23.0141413,0.025544499999999998,2417350.0,1075165.0
06-Oct-2026,13-Oct-2026,CE,22200.0,464.6,601.0,450.0,569.2,568.25,569.2,293670.0,0.6675125999999999,0.0155652,275535.0,4290.0
06-Oct-2026,13-Oct-2026,PE,22200.0,69.75,69.75,21.15,22.95,22.8,22.95,14621945.0,32.5123007,0.0515828,2913365.0,1205685.0
06-Oct-2026,13-Oct-2026,CE,22300.0,400.05,515.0,370.0,477.2,475.8,477.2,645580.0,1.4683237,0.028680300000000002,226395.0,-43095.0
06-Oct-2026,13-Oct-2026,PE,22300.0,91.75,91.75,30.1,32.35,31.25,32.35,12638470.0,28.242397200000003,0.0586091,3136315.0,1935310.0
06-Oct-2026,13-Oct-2026,CE,22400.0,310.15,429.5,297.45,391.9,388.75,391.9,1535105.0,3.4942164,0.0555812,567255.0,-127725.0
06-Oct-2026,13-Oct-2026,PE,22400.0,105.55,111.55,42.7,46.75,45.0,46.75,12257505.0,27.537917200000003,0.081106,2591680.0,1003925.0
06-Oct-2026,13-Oct-2026,CE,22500.0,250.0,350.0,231.4,312.3,310.85,312.3,8115705.0,18.4969681,0.2366318,1335685.0,-45500.0
06-Oct-2026,13-Oct-2026,PE,22500.0,144.0,148.5,60.8,66.15,65.0,66.15,20810595.0,47.0059543,0.18211560000000002,4474990.0,2559245.0
06-Oct-2026,13-Oct-2026,CE,22600.0,189.3,276.75,174.0,240.05,240.0,240.05,17201015.0,39.2628984,0.38860449999999996,1966965.0,-8190.0
06-Oct-2026,13-Oct-2026,PE,22600.0,180.0,187.1,87.3,94.9,91.9,94.9,25733500.0,58.470269900000005,0.3125599,3993015.0,2315560.0
06-Oct-2026,13-Oct-2026,CE,22700.0,174.0,210.0,126.2,178.0,177.3,178.0,28328885.0,64.8029812,0.49641230000000003,4671225.0,2276040.0
06-Oct-2026,13-Oct-2026,PE,22700.0,255.4,255.45,122.75,132.3,130.8,132.3,28985190.0,66.2380951,0.4417138,5121415.0,3657225.0
06-Oct-2026,13-Oct-2026,CE,22800.0,99.0,153.2,88.15,125.75,123.6,125.75,20234110.0,46.3864258,0.252655,4151810.0,1938820.0
06-Oct-2026,13-Oct-2026,PE,22800.0,278.05,299.4,168.55,179.0,177.7,179.0,10250955.0,23.577510699999998,0.20533330000000002,2106000.0,1247870.0
06-Oct-2026,13-Oct-2026,CE,22900.0,61.8,106.4,59.1,84.6,83.2,84.6,16024840.0,36.8318611,0.1349775,2820610.0,975130.0
06-Oct-2026,13-Oct-2026,PE,22900.0,354.5,369.1,225.0,237.3,236.0,237.3,2598310.0,6.0179136,0.0677837,861120.0,568035.0
06-Oct-2026,13-Oct-2026,CE,23000.0,45.0,70.5,38.75,54.0,53.1,54.0,28512965.0,65.7350078,0.1551883,5514600.0,1555905.0
06-Oct-2026,13-Oct-2026,PE,23000.0,448.0,448.85,292.5,304.6,306.3,304.6,2993120.0,6.984745600000001,0.1005696,1481935.0,504920.0
06-Oct-2026,13-Oct-2026,CE,23100.0,28.5,43.9,24.85,32.75,31.8,32.75,13681525.0,31.649897000000003,0.0455742,4118075.0,2412150.0
06-Oct-2026,13-Oct-2026,PE,23100.0,534.4,534.4,366.75,383.1,380.8,383.1,477100.0,1.1214187,0.0193177,338260.0,178295.0
06-Oct-2026,13-Oct-2026,CE,23200.0,21.95,26.6,16.2,19.3,19.15,19.3,15303730.0,35.5354997,0.0308461,4030520.0,1878630.0
06-Oct-2026,13-Oct-2026,PE,23200.0,601.2,624.2,450.0,470.2,471.95,470.2,273455.0,0.6481112,0.013695599999999999,273650.0,64480.0
06-Oct-2026,13-Oct-2026,CE,23300.0,13.8,20.0,9.9,11.45,11.45,11.45,10169380.0,23.7068825,0.012227100000000001,3003455.0,1173575.0
06-Oct-2026,13-Oct-2026,PE,23300.0,709.0,720.0,539.0,563.0,561.9,563.0,153595.0,0.3668397,0.0089634,233415.0,81900.0
06-Oct-2026,13-Oct-2026,CE,23400.0,8.05,9.3,5.85,6.85,7.05,6.85,9149400.0,21.416428,0.006832,2457845.0,1218750.0
06-Oct-2026,13-Oct-2026,PE,23400.0,813.9,813.9,632.05,661.4,660.2,661.4,160225.0,0.3857601,0.010833599999999999,216775.0,96460.0
06-Oct-2026,13-Oct-2026,CE,23500.0,6.0,7.1,3.8,4.5,4.45,4.5,14136330.0,33.2272787,0.006903200000000001,5517590.0,2878200.0
06-Oct-2026,13-Oct-2026,PE,23500.0,905.95,913.0,729.0,756.8,755.55,756.8,318175.0,0.7726033,0.024891999999999997,338195.0,118690.0
06-Oct-2026,13-Oct-2026,CE,23600.0,6.0,6.0,2.7,3.05,2.95,3.05,6468215.0,15.2671323,0.0021449,2233270.0,1223820.0
06-Oct-2026,13-Oct-2026,PE,23600.0,1002.0,1002.6,827.0,856.05,852.45,856.05,32630.0,0.0798964,0.0028896,73125.0,10855.0
06-Oct-2026,13-Oct-2026,CE,23700.0,4.15,4.15,2.0,2.15,2.15,2.15,4430595.0,10.5015817,0.0010715,1776255.0,932360.0
06-Oct-2026,13-Oct-2026,PE,23700.0,1116.35,1116.4,922.2,954.25,954.45,954.25,26325.0,0.0650102,0.0026199,41860.0,10205.0
06-Oct-2026,13-Oct-2026,CE,23800.0,3.15,3.15,1.6,1.7,1.75,1.7,6538740.0,15.563491399999998,0.0012902,1943565.0,408265.0
06-Oct-2026,13-Oct-2026,PE,23800.0,1190.0,1190.0,1020.7,1050.9,1052.6,1050.9,20930.0,0.052077399999999996,0.002264,36530.0,12155.0
06-Oct-2026,13-Oct-2026,CE,23900.0,2.65,2.65,1.2,1.4,1.5,1.4,4333485.0,10.357666,0.0006369,1582620.0,1040780.0
06-Oct-2026,13-Oct-2026,PE,23900.0,1295.0,1295.0,1131.25,1148.1,1150.7,1148.1,13585.0,0.0340579,0.0015898,95680.0,6565.0
06-Oct-2026,13-Oct-2026,CE,24000.0,1.9,2.1,1.1,1.25,1.35,1.25,11144445.0,26.748130099999997,0.0014621,5988320.0,2124785.0
06-Oct-2026,13-Oct-2026,PE,24000.0,1400.05,1400.95,1219.25,1250.85,1248.75,1250.85,191620.0,0.48432699999999995,0.024439000000000002,317980.0,146315.0
06-Oct-2026,13-Oct-2026,CE,24100.0,1.5,1.5,0.85,0.95,0.95,0.95,4885985.0,11.775700200000001,0.0004764,2207270.0,315705.0
06-Oct-2026,13-Oct-2026,PE,24100.0,1509.05,1511.6,1335.35,1348.0,1340.2,1348.0,18265.0,0.0465351,0.0025164,63830.0,13975.0
06-Oct-2026,13-Oct-2026,CE,24200.0,1.05,1.15,0.75,0.85,0.9,0.85,3094780.0,7.4896324,0.0002648,1928745.0,7995.0
06-Oct-2026,13-Oct-2026,PE,24200.0,1575.0,1575.0,1425.8,1443.95,1446.2,1443.95,16380.0,0.0420514,0.0024118,60255.0,10270.0
06-Oct-2026,13-Oct-2026,CE,24300.0,1.0,1.0,0.75,0.85,0.9,0.85,970840.0,2.35922,7.88e-05,489840.0,-12025.0
06-Oct-2026,13-Oct-2026,PE,24300.0,1700.05,1700.05,1524.95,1540.7,1530.0,1540.7,13390.0,0.0346509,0.0021132,46085.0,8450.0
06-Oct-2026,13-Oct-2026,CE,24400.0,1.05,1.05,0.75,0.85,0.85,0.85,662805.0,1.6172976000000001,5.34e-05,498940.0,-158405.0
06-Oct-2026,13-Oct-2026,PE,24400.0,1780.7,1780.7,1630.0,1649.5,1640.0,1649.5,8580.0,0.0223843,0.0014491,10400.0,7475.0
06-Oct-2026,13-Oct-2026,CE,24500.0,1.05,1.1,0.7,0.9,0.9,0.9,3825445.0,9.3726559,0.0003157,2164695.0,654940.0
06-Oct-2026,13-Oct-2026,PE,24500.0,1889.95,1890.0,1719.0,1747.7,1743.15,1747.7,49660.0,0.1306275,0.0089605,121290.0,42510.0
06-Oct-2026,13-Oct-2026,CE,24600.0,0.95,0.95,0.65,0.8,0.8,0.8,341445.0,0.8399807,2.6000000000000002e-05,455000.0,-26195.0
06-Oct-2026,13-Oct-2026,PE,24600.0,1890.0,1890.0,1821.65,1832.7,1841.45,1832.7,3055.0,0.0080816,0.0005663,14235.0,2275.0
06-Oct-2026,13-Oct-2026,CE,24700.0,0.8,0.9,0.65,0.75,0.8,0.75,407485.0,1.0065173,2.94e-05,297700.0,2340.0
06-Oct-2026,13-Oct-2026,PE,24700.0,1990.0,1990.0,1990.0,1990.0,1990.0,1897.86,260.0,0.0006939,5.1699999999999996e-05,1365.0,260.0
06-Oct-2026,13-Oct-2026,CE,24800.0,0.85,0.95,0.65,0.8,0.8,0.8,144365.0,0.3580364,1.1200000000000001e-05,93275.0,8710.0
06-Oct-2026,13-Oct-2026,PE,24800.0,2070.0,2070.0,2000.0,2000.0,2000.0,2000.0,2145.0,0.0057619,0.00044229999999999996,3380.0,2145.0
06-Oct-2026,13-Oct-2026,CE,24900.0,0.95,1.0,0.65,0.8,0.75,0.8,101335.0,0.252332,7.9e-06,58760.0,32435.0
06-Oct-2026,13-Oct-2026,PE,24900.0,0.0,0.0,0.0,1237.05,0.0,2097.65,0.0,0.0,0.0,0.0,0.0
06-Oct-2026,13-Oct-2026,CE,25000.0,0.95,0.95,0.6,0.7,0.7,0.7,1385475.0,3.4637843,9.68e-05,1162720.0,329810.0
06-Oct-2026,13-Oct-2026,PE,25000.0,2409.65,2409.65,2216.9,2235.0,2243.05,2235.0,47320.0,0.12892409999999999,0.010624100000000001,88205.0,42445.0
06-Oct-2026,13-Oct-2026,CE,25100.0,0.85,0.85,0.6,0.75,0.65,0.75,19305.0,0.048457,1.4000000000000001e-06,24310.0,-1495.0
06-Oct-2026,13-Oct-2026,PE,25100.0,2370.0,2375.0,2335.0,2335.0,2335.0,2335.0,455.0,0.0012491,0.000107,5265.0,455.0
06-Oct-2026,13-Oct-2026,CE,25200.0,0.85,0.85,0.55,0.65,0.65,0.65,37895.0,0.09549790000000001,2.5e-06,52585.0,7280.0
06-Oct-2026,13-Oct-2026,PE,25200.0,2460.0,2476.2,2447.2,2447.2,2447.2,2397.33,390.0,0.0010785,9.570000000000001e-05,325.0,260.0
06-Oct-2026,13-Oct-2026,CE,25300.0,0.65,0.8,0.55,0.6,0.65,0.6,53105.0,0.1343589,3.3e-06,49270.0,1170.0
06-Oct-2026,13-Oct-2026,PE,25300.0,0.0,0.0,0.0,1583.0,0.0,2497.23,0.0,0.0,0.0,0.0,0.0
06-Oct-2026,13-Oct-2026,CE,25400.0,0.7,0.75,0.55,0.6,0.6,0.6,1093625.0,2.7778711,6.36e-05,960700.0,648310.0
06-Oct-2026,13-Oct-2026,PE,25400.0,2775.0,2775.0,2620.0,2642.95,2639.75,2642.95,8840.0,0.0248223,0.0023687,13260.0,8190.0
